{"format": "layers-model", "generatedBy": "keras v2.3.1", "convertedBy": "TensorFlow.js Converter v1.7.4r1", "modelTopology": {"keras_version": "2.3.1", "backend": "tensorflow", "model_config": {"class_name": "Sequential", "config": {"name": "sequential_1", "layers": [{"class_name": "Dense", "config": {"name": "dense_1", "trainable": true, "batch_input_shape": [null, 30], "dtype": "float32", "units": 4, "activation": "linear", "use_bias": false, "kernel_initializer": {"class_name": "VarianceScaling", "config": {"scale": 1.0, "mode": "fan_avg", "distribution": "uniform", "seed": null}}, "bias_initializer": {"class_name": "Zeros", "config": {}}, "kernel_regularizer": null, "bias_regularizer": null, "activity_regularizer": null, "kernel_constraint": null, "bias_constraint": null}}, {"class_name": "Activation", "config": {"name": "activation_1", "trainable": true, "dtype": "float32", "activation": "softmax"}}]}}, "training_config": {"optimizer_config": {"class_name": "Adagrad", "config": {"learning_rate": 0.10000000149011612, "decay": 0.0, "epsilon": 1e-08}}, "loss": "categorical_crossentropy", "metrics": ["accuracy"], "weighted_metrics": null, "sample_weight_mode": null, "loss_weights": null}}, "weightsManifest": [{"paths": ["group1-shard1of1.bin"], "weights": [{"name": "dense_1/kernel", "shape": [30, 4], "dtype": "float32"}]}]}